match_id,fecha,duracion_minutos,game_mode,game_type,map_id,queue_id,cola,remake,puuid,riot_id,champion,champion_id,position,lane,win,kills,deaths,assists,kda,total_minions,neutral_minions,cs_por_min,gold_earned,gold_spent,gold_por_min,champ_level,damage_dealt,damage_taken,vision_score,wards_placed,wards_killed,item_0,item_1,item_2,item_3,item_4,item_5,item_6
LA1_1749525517,2026-09-18 01:02:55.129,37.67,CLASSIC,MATCHED_GAME,11,420,Ranked Solo/Duo,False,AYgVCm0ylg65XFwFVgE1VSvOjJNTXXYVZzCiL4GTuWbwuTsUD2HmGyQupIOYQlL_YzIjifMzpMEKbQ,Sopa de pescado#BRY,Thresh,412,UTILITY,BOTTOM,False,0,8,7,0.88,66,4,1.86,9223,8030,244.8,15,6272,28751,60,25,5,3876,3143,3110,3009,1057,1028,3364
LA1_1749123417,2026-09-16 13:28:23.480,33.4,CLASSIC,MATCHED_GAME,11,420,Ranked Solo/Duo,False,AYgVCm0ylg65XFwFVgE1VSvOjJNTXXYVZzCiL4GTuWbwuTsUD2HmGyQupIOYQlL_YzIjifMzpMEKbQ,Sopa de pescado#BRY,Nautilus,111,UTILITY,BOTTOM,True,1,4,19,5.0,32,0,0.96,8962,8375,268.3,14,6777,20367,59,25,5,3876,3143,3047,2504,1057,0,3364
LA1_1749099056,2026-09-16 09:50:38.644,30.3,CLASSIC,MATCHED_GAME,11,420,Ranked Solo/Duo,False,AYgVCm0ylg65XFwFVgE1VSvOjJNTXXYVZzCiL4GTuWbwuTsUD2HmGyQupIOYQlL_YzIjifMzpMEKbQ,Sopa de pescado#BRY,Nautilus,111,UTILITY,BOTTOM,True,6,5,17,4.6,22,0,0.73,10646,8255,351.4,14,8225,24588,55,21,5,3876,3143,2031,3009,2504,1057,3364
LA1_1749092733,2026-09-16 09:10:23.337,28.35,CLASSIC,MATCHED_GAME,11,420,Ranked Solo/Duo,False,AYgVCm0ylg65XFwFVgE1VSvOjJNTXXYVZzCiL4GTuWbwuTsUD2HmGyQupIOYQlL_YzIjifMzpMEKbQ,Sopa de pescado#BRY,Thresh,412,UTILITY,BOTTOM,True,3,1,8,11.0,43,0,1.52,8444,7390,297.8,13,7148,12164,51,21,6,3876,3143,3111,2504,0,0,3364
LA1_1747451362,2026-09-09 09:38:17.319,37.98,CLASSIC,MATCHED_GAME,11,420,Ranked Solo/Duo,False,AYgVCm0ylg65XFwFVgE1VSvOjJNTXXYVZzCiL4GTuWbwuTsUD2HmGyQupIOYQlL_YzIjifMzpMEKbQ,Sopa de pescado#BRY,Thresh,412,UTILITY,BOTTOM,True,3,13,11,1.08,44,0,1.16,11268,11000,296.7,16,12678,34128,67,22,7,3876,3110,3009,3050,3075,3190,3364
LA1_1747446904,2026-09-09 08:57:02.277,32.0,CLASSIC,MATCHED_GAME,11,420,Ranked Solo/Duo,False,AYgVCm0ylg65XFwFVgE1VSvOjJNTXXYVZzCiL4GTuWbwuTsUD2HmGyQupIOYQlL_YzIjifMzpMEKbQ,Sopa de pescado#BRY,Thresh,412,UTILITY,BOTTOM,True,0,3,8,2.67,33,0,1.03,8148,7770,254.6,13,6516,19015,93,25,13,3876,3110,3050,1028,3009,3076,3364
LA1_1747445691,2026-09-09 08:16:11.292,31.23,CLASSIC,MATCHED_GAME,11,420,Ranked Solo/Duo,False,AYgVCm0ylg65XFwFVgE1VSvOjJNTXXYVZzCiL4GTuWbwuTsUD2HmGyQupIOYQlL_YzIjifMzpMEKbQ,Sopa de pescado#BRY,Rell,526,UTILITY,BOTTOM,False,2,8,15,2.12,38,0,1.22,8507,7875,272.4,14,6555,29639,43,19,4,3876,3110,3009,2525,3067,1033,3364
LA1_1747446566,2026-09-09 08:09:26.350,1.22,CLASSIC,MATCHED_GAME,11,420,Ranked Solo/Duo,True,AYgVCm0ylg65XFwFVgE1VSvOjJNTXXYVZzCiL4GTuWbwuTsUD2HmGyQupIOYQlL_YzIjifMzpMEKbQ,Sopa de pescado#BRY,Rell,526,UTILITY,NONE,True,0,0,0,0.0,0,0,0.0,537,400,440.2,1,288,0,0,1,0,3865,0,0,0,0,0,3340
LA1_1746555047,2026-09-05 17:33:00.730,22.57,CLASSIC,MATCHED_GAME,11,420,Ranked Solo/Duo,False,AYgVCm0ylg65XFwFVgE1VSvOjJNTXXYVZzCiL4GTuWbwuTsUD2HmGyQupIOYQlL_YzIjifMzpMEKbQ,Sopa de pescado#BRY,Rakan,497,UTILITY,BOTTOM,False,0,3,5,1.67,29,0,1.28,5410,4530,239.7,10,6644,14498,45,15,7,3876,3108,3050,3009,1004,0,3364
LA1_1746550082,2026-09-05 17:09:56.009,17.42,CLASSIC,MATCHED_GAME,11,420,Ranked Solo/Duo,False,AYgVCm0ylg65XFwFVgE1VSvOjJNTXXYVZzCiL4GTuWbwuTsUD2HmGyQupIOYQlL_YzIjifMzpMEKbQ,Sopa de pescado#BRY,Rakan,497,UTILITY,NONE,True,2,1,8,10.0,23,0,1.32,5261,4680,302.0,9,3947,5434,27,10,4,3876,2003,3050,3009,3108,1004,3364
LA1_1746545675,2026-09-05 17:03:35.837,1.12,CLASSIC,MATCHED_GAME,11,420,Ranked Solo/Duo,True,AYgVCm0ylg65XFwFVgE1VSvOjJNTXXYVZzCiL4GTuWbwuTsUD2HmGyQupIOYQlL_YzIjifMzpMEKbQ,Sopa de pescado#BRY,Rakan,497,UTILITY,NONE,True,0,0,0,0.0,0,0,0.0,504,500,450.0,1,0,0,0,1,0,3865,2003,0,0,0,0,3340
LA1_1746502452,2026-09-05 13:34:20.410,29.52,CLASSIC,MATCHED_GAME,11,420,Ranked Solo/Duo,False,AYgVCm0ylg65XFwFVgE1VSvOjJNTXXYVZzCiL4GTuWbwuTsUD2HmGyQupIOYQlL_YzIjifMzpMEKbQ,Sopa de pescado#BRY,Rakan,497,UTILITY,BOTTOM,True,0,8,13,1.62,37,0,1.25,8703,7355,294.8,13,5247,21798,59,19,2,3876,3050,3009,2524,4642,1029,3364
LA1_1746062750,2026-09-03 16:55:32.727,20.43,CLASSIC,MATCHED_GAME,11,420,Ranked Solo/Duo,False,AYgVCm0ylg65XFwFVgE1VSvOjJNTXXYVZzCiL4GTuWbwuTsUD2HmGyQupIOYQlL_YzIjifMzpMEKbQ,Sopa de pescado#BRY,Quinn,133,TOP,JUNGLE,False,0,5,0,0.0,46,0,2.25,3854,2300,188.6,8,4242,8398,8,4,0,1086,3113,1001,3144,0,0,3340
LA1_1746056543,2026-09-03 16:15:40.908,26.48,CLASSIC,MATCHED_GAME,11,420,Ranked Solo/Duo,False,AYgVCm0ylg65XFwFVgE1VSvOjJNTXXYVZzCiL4GTuWbwuTsUD2HmGyQupIOYQlL_YzIjifMzpMEKbQ,Sopa de pescado#BRY,TahmKench,223,TOP,JUNGLE,False,6,7,4,1.43,105,0,3.97,8179,7050,308.9,14,15633,28560,15,7,0,1054,3009,2510,3075,0,0,3340
LA1_1745882173,2026-09-02 20:11:05.669,34.8,CLASSIC,MATCHED_GAME,11,420,Ranked Solo/Duo,False,AYgVCm0ylg65XFwFVgE1VSvOjJNTXXYVZzCiL4GTuWbwuTsUD2HmGyQupIOYQlL_YzIjifMzpMEKbQ,Sopa de pescado#BRY,Galio,3,UTILITY,BOTTOM,True,1,5,9,2.0,37,0,1.06,9081,8140,260.9,15,6250,25030,39,12,4,3876,6665,3009,2524,3067,1029,3364
LA1_1745866890,2026-09-02 19:22:58.676,34.85,CLASSIC,MATCHED_GAME,11,420,Ranked Solo/Duo,False,AYgVCm0ylg65XFwFVgE1VSvOjJNTXXYVZzCiL4GTuWbwuTsUD2HmGyQupIOYQlL_YzIjifMzpMEKbQ,Sopa de pescado#BRY,Galio,3,UTILITY,BOTTOM,True,2,7,17,2.71,59,0,1.69,10692,9680,306.8,16,10220,36954,89,24,17,3876,4005,3009,3110,6665,0,3364
LA1_1745830311,2026-09-02 16:16:57.183,30.93,CLASSIC,MATCHED_GAME,11,420,Ranked Solo/Duo,False,AYgVCm0ylg65XFwFVgE1VSvOjJNTXXYVZzCiL4GTuWbwuTsUD2HmGyQupIOYQlL_YzIjifMzpMEKbQ,Sopa de pescado#BRY,Rakan,497,UTILITY,BOTTOM,True,3,2,18,10.5,30,0,0.97,9567,7430,309.3,14,9672,18959,62,20,7,3876,2065,3009,3050,1011,1057,3364
LA1_1745820722,2026-09-02 15:42:07.093,26.88,CLASSIC,MATCHED_GAME,11,420,Ranked Solo/Duo,False,AYgVCm0ylg65XFwFVgE1VSvOjJNTXXYVZzCiL4GTuWbwuTsUD2HmGyQupIOYQlL_YzIjifMzpMEKbQ,Sopa de pescado#BRY,TahmKench,223,TOP,JUNGLE,True,5,0,5,10.0,120,2,4.54,9566,7850,355.9,16,18898,18595,33,12,2,1120,2510,4633,3009,0,0,3340
LA1_1744923342,2026-08-29 21:54:22.577,33.25,CLASSIC,MATCHED_GAME,11,420,Ranked Solo/Duo,False,AYgVCm0ylg65XFwFVgE1VSvOjJNTXXYVZzCiL4GTuWbwuTsUD2HmGyQupIOYQlL_YzIjifMzpMEKbQ,Sopa de pescado#BRY,TahmKench,223,TOP,TOP,True,2,4,3,1.25,133,0,4.0,8913,8800,268.1,16,11578,32057,20,10,1,2510,3009,2525,1011,1028,1006,3340
LA1_1744842397,2026-08-29 17:07:44.153,1.2,CLASSIC,MATCHED_GAME,11,420,Ranked Solo/Duo,True,AYgVCm0ylg65XFwFVgE1VSvOjJNTXXYVZzCiL4GTuWbwuTsUD2HmGyQupIOYQlL_YzIjifMzpMEKbQ,Sopa de pescado#BRY,TahmKench,223,TOP,NONE,False,0,0,0,0.0,0,0,0.0,516,0,430.0,1,0,0,0,0,0,0,0,0,0,0,0,0
LA1_1744552787,2026-08-28 14:34:32.189,30.68,CLASSIC,MATCHED_GAME,11,420,Ranked Solo/Duo,False,AYgVCm0ylg65XFwFVgE1VSvOjJNTXXYVZzCiL4GTuWbwuTsUD2HmGyQupIOYQlL_YzIjifMzpMEKbQ,Sopa de pescado#BRY,Galio,3,UTILITY,BOTTOM,False,1,5,9,2.0,35,4,1.27,8050,6450,262.4,12,5903,21261,42,15,6,3869,3009,3110,3075,0,0,3364
LA1_1744547403,2026-08-28 13:46:02.681,34.1,CLASSIC,MATCHED_GAME,11,420,Ranked Solo/Duo,False,AYgVCm0ylg65XFwFVgE1VSvOjJNTXXYVZzCiL4GTuWbwuTsUD2HmGyQupIOYQlL_YzIjifMzpMEKbQ,Sopa de pescado#BRY,Galio,3,UTILITY,BOTTOM,True,2,5,19,4.2,35,1,1.06,10107,8200,296.4,15,13502,34250,54,24,2,3869,3110,3009,3084,3076,1028,3364
LA1_1744545459,2026-08-28 13:29:03.424,9.95,CLASSIC,MATCHED_GAME,11,420,Ranked Solo/Duo,False,AYgVCm0ylg65XFwFVgE1VSvOjJNTXXYVZzCiL4GTuWbwuTsUD2HmGyQupIOYQlL_YzIjifMzpMEKbQ,Sopa de pescado#BRY,Galio,3,UTILITY,NONE,False,1,3,3,1.33,7,0,0.7,3079,2500,309.4,4,2912,8965,3,2,0,3866,2003,1001,3801,1011,0,3364
LA1_1743286646,2026-08-23 07:27:44.755,43.82,CLASSIC,MATCHED_GAME,11,420,Ranked Solo/Duo,False,AYgVCm0ylg65XFwFVgE1VSvOjJNTXXYVZzCiL4GTuWbwuTsUD2HmGyQupIOYQlL_YzIjifMzpMEKbQ,Sopa de pescado#BRY,TahmKench,223,UTILITY,BOTTOM,False,13,4,16,7.25,54,0,1.23,16481,13980,376.1,17,41308,70252,73,25,6,3876,3009,3084,2510,6665,3083,3364
LA1_1743069815,2026-08-22 15:02:55.886,33.3,CLASSIC,MATCHED_GAME,11,420,Ranked Solo/Duo,False,AYgVCm0ylg65XFwFVgE1VSvOjJNTXXYVZzCiL4GTuWbwuTsUD2HmGyQupIOYQlL_YzIjifMzpMEKbQ,Sopa de pescado#BRY,Camille,164,UTILITY,BOTTOM,False,7,10,12,1.9,33,0,0.99,11591,11350,348.1,13,27240,33145,51,16,7,3877,3179,3009,6692,6699,2021,3364
LA1_1743062379,2026-08-22 14:18:14.030,35.65,CLASSIC,MATCHED_GAME,11,420,Ranked Solo/Duo,False,AYgVCm0ylg65XFwFVgE1VSvOjJNTXXYVZzCiL4GTuWbwuTsUD2HmGyQupIOYQlL_YzIjifMzpMEKbQ,Sopa de pescado#BRY,Camille,164,UTILITY,BOTTOM,False,2,8,6,1.0,63,0,1.77,9699,7500,272.1,14,11121,26890,80,21,20,3877,3179,3009,6695,1036,1036,3364
LA1_1743062072,2026-08-22 14:07:52.643,1.22,CLASSIC,MATCHED_GAME,11,420,Ranked Solo/Duo,True,AYgVCm0ylg65XFwFVgE1VSvOjJNTXXYVZzCiL4GTuWbwuTsUD2HmGyQupIOYQlL_YzIjifMzpMEKbQ,Sopa de pescado#BRY,Camille,164,UTILITY,NONE,True,0,0,0,0.0,0,0,0.0,519,500,425.4,1,0,0,0,1,0,3865,2003,0,0,0,0,3340
LA1_1742594655,2026-08-20 16:09:37.367,28.87,CLASSIC,MATCHED_GAME,11,420,Ranked Solo/Duo,False,AYgVCm0ylg65XFwFVgE1VSvOjJNTXXYVZzCiL4GTuWbwuTsUD2HmGyQupIOYQlL_YzIjifMzpMEKbQ,Sopa de pescado#BRY,TahmKench,223,TOP,JUNGLE,False,5,5,6,2.2,116,0,4.02,8533,7600,295.6,16,20415,33923,13,7,0,1054,3009,2510,3084,0,0,3340
LA1_1742544087,2026-08-20 09:13:11.094,33.98,CLASSIC,MATCHED_GAME,11,420,Ranked Solo/Duo,False,AYgVCm0ylg65XFwFVgE1VSvOjJNTXXYVZzCiL4GTuWbwuTsUD2HmGyQupIOYQlL_YzIjifMzpMEKbQ,Sopa de pescado#BRY,Poppy,78,UTILITY,BOTTOM,True,1,5,12,2.6,39,0,1.15,9257,8425,272.4,14,9528,22411,105,25,14,3876,3047,3075,3742,1011,1028,3364
LA1_1741593002,2026-08-16 13:58:02.190,20.2,CLASSIC,MATCHED_GAME,11,420,Ranked Solo/Duo,False,AYgVCm0ylg65XFwFVgE1VSvOjJNTXXYVZzCiL4GTuWbwuTsUD2HmGyQupIOYQlL_YzIjifMzpMEKbQ,Sopa de pescado#BRY,TahmKench,223,TOP,TOP,False,1,2,2,1.5,105,0,5.2,5802,5400,287.2,13,11413,13860,10,4,0,1054,3009,2510,3067,0,0,3340
LA1_1741555097,2026-08-16 09:48:54.003,21.43,CLASSIC,MATCHED_GAME,11,420,Ranked Solo/Duo,False,AYgVCm0ylg65XFwFVgE1VSvOjJNTXXYVZzCiL4GTuWbwuTsUD2HmGyQupIOYQlL_YzIjifMzpMEKbQ,Sopa de pescado#BRY,Camille,164,UTILITY,BOTTOM,False,0,5,0,0.0,21,0,0.98,4273,2150,199.4,6,1797,5771,8,4,1,3867,2003,3133,1036,0,0,3340
LA1_1741552021,2026-08-16 09:04:53.394,37.4,CLASSIC,MATCHED_GAME,11,420,Ranked Solo/Duo,False,AYgVCm0ylg65XFwFVgE1VSvOjJNTXXYVZzCiL4GTuWbwuTsUD2HmGyQupIOYQlL_YzIjifMzpMEKbQ,Sopa de pescado#BRY,Vi,254,TOP,JUNGLE,True,7,8,7,1.75,153,0,4.09,12278,12125,328.3,17,22503,34514,34,13,2,3036,6697,6676,3009,1037,1018,3340
LA1_1741367175,2026-08-15 17:01:15.689,34.8,CLASSIC,MATCHED_GAME,11,420,Ranked Solo/Duo,False,AYgVCm0ylg65XFwFVgE1VSvOjJNTXXYVZzCiL4GTuWbwuTsUD2HmGyQupIOYQlL_YzIjifMzpMEKbQ,Sopa de pescado#BRY,TahmKench,223,TOP,TOP,False,2,5,6,1.6,149,4,4.4,10193,9500,292.9,17,16947,38138,28,13,1,2510,3009,3084,3211,2022,1028,3340
LA1_1740190075,2026-08-10 18:58:14.237,29.12,CLASSIC,MATCHED_GAME,11,420,Ranked Solo/Duo,False,AYgVCm0ylg65XFwFVgE1VSvOjJNTXXYVZzCiL4GTuWbwuTsUD2HmGyQupIOYQlL_YzIjifMzpMEKbQ,Sopa de pescado#BRY,TahmKench,223,UTILITY,BOTTOM,True,4,3,10,4.67,59,0,2.03,10083,8900,346.3,14,15079,29729,43,17,1,3876,3084,3009,2510,1011,1028,3340
LA1_1739942223,2026-08-09 19:03:16.367,40.67,CLASSIC,MATCHED_GAME,11,420,Ranked Solo/Duo,False,AYgVCm0ylg65XFwFVgE1VSvOjJNTXXYVZzCiL4GTuWbwuTsUD2HmGyQupIOYQlL_YzIjifMzpMEKbQ,Sopa de pescado#BRY,Senna,235,UTILITY,BOTTOM,True,7,9,16,2.56,52,0,1.28,14544,13500,357.6,17,27166,33432,73,25,1,3877,2523,3009,3071,3031,3087,3364
LA1_1739930439,2026-08-09 18:29:09.204,1.23,CLASSIC,MATCHED_GAME,11,420,Ranked Solo/Duo,True,AYgVCm0ylg65XFwFVgE1VSvOjJNTXXYVZzCiL4GTuWbwuTsUD2HmGyQupIOYQlL_YzIjifMzpMEKbQ,Sopa de pescado#BRY,TahmKench,223,TOP,NONE,True,0,0,0,0.0,0,0,0.0,520,500,422.8,1,0,0,0,0,0,1120,2003,0,0,0,0,3340
LA1_1739920828,2026-08-09 18:08:06.022,15.63,CLASSIC,MATCHED_GAME,11,420,Ranked Solo/Duo,False,AYgVCm0ylg65XFwFVgE1VSvOjJNTXXYVZzCiL4GTuWbwuTsUD2HmGyQupIOYQlL_YzIjifMzpMEKbQ,Sopa de pescado#BRY,TahmKench,223,TOP,NONE,True,4,0,1,5.0,82,2,5.37,5719,5150,365.9,12,5602,7808,9,4,0,1120,3009,3084,1028,2022,0,3340
LA1_1739843698,2026-08-09 13:10:40.191,32.9,CLASSIC,MATCHED_GAME,11,420,Ranked Solo/Duo,False,AYgVCm0ylg65XFwFVgE1VSvOjJNTXXYVZzCiL4GTuWbwuTsUD2HmGyQupIOYQlL_YzIjifMzpMEKbQ,Sopa de pescado#BRY,Camille,164,UTILITY,BOTTOM,False,2,11,15,1.55,42,0,1.28,9899,8275,300.9,14,16055,34546,72,22,4,3877,6610,3009,6692,1036,1036,3364
LA1_1704428302,2026-03-24 14:49:47.734,38.23,CLASSIC,MATCHED_GAME,11,420,Ranked Solo/Duo,False,AYgVCm0ylg65XFwFVgE1VSvOjJNTXXYVZzCiL4GTuWbwuTsUD2HmGyQupIOYQlL_YzIjifMzpMEKbQ,Sopa de pescado#BRY,Yone,777,TOP,JUNGLE,True,4,7,11,2.14,219,0,5.73,13829,12180,361.7,20,20083,29238,26,11,3,1055,6673,3006,3032,6672,1038,3340
LA1_1703606444,2026-03-21 18:10:49.413,26.53,CLASSIC,MATCHED_GAME,11,420,Ranked Solo/Duo,False,AYgVCm0ylg65XFwFVgE1VSvOjJNTXXYVZzCiL4GTuWbwuTsUD2HmGyQupIOYQlL_YzIjifMzpMEKbQ,Sopa de pescado#BRY,Pantheon,80,UTILITY,BOTTOM,False,3,11,5,0.73,39,0,1.47,7710,7525,290.6,11,11885,22302,42,14,6,3877,3009,6692,6672,0,0,3364
LA1_1703602821,2026-03-21 18:01:49.523,1.83,CLASSIC,MATCHED_GAME,11,420,Ranked Solo/Duo,True,AYgVCm0ylg65XFwFVgE1VSvOjJNTXXYVZzCiL4GTuWbwuTsUD2HmGyQupIOYQlL_YzIjifMzpMEKbQ,Sopa de pescado#BRY,Pantheon,80,UTILITY,NONE,False,0,0,0,0.0,1,0,0.55,642,475,350.8,2,159,0,0,1,0,3865,0,0,0,0,0,3340
LA1_1703321743,2026-03-20 18:36:24.176,34.18,CLASSIC,MATCHED_GAME,11,420,Ranked Solo/Duo,False,AYgVCm0ylg65XFwFVgE1VSvOjJNTXXYVZzCiL4GTuWbwuTsUD2HmGyQupIOYQlL_YzIjifMzpMEKbQ,Sopa de pescado#BRY,Pantheon,80,UTILITY,BOTTOM,False,3,2,9,6.0,83,0,2.43,11066,10675,323.8,14,15873,22068,61,22,6,3877,3009,6694,3814,2520,0,3364
LA1_1703312726,2026-03-20 17:52:52.654,37.98,CLASSIC,MATCHED_GAME,11,420,Ranked Solo/Duo,False,AYgVCm0ylg65XFwFVgE1VSvOjJNTXXYVZzCiL4GTuWbwuTsUD2HmGyQupIOYQlL_YzIjifMzpMEKbQ,Sopa de pescado#BRY,Pantheon,80,UTILITY,BOTTOM,False,3,8,5,1.0,64,4,1.79,11873,11155,312.6,15,15606,27383,73,24,6,3877,3009,6610,6694,6699,1036,3364
LA1_1703241098,2026-03-20 11:15:04.612,32.22,CLASSIC,MATCHED_GAME,11,420,Ranked Solo/Duo,False,AYgVCm0ylg65XFwFVgE1VSvOjJNTXXYVZzCiL4GTuWbwuTsUD2HmGyQupIOYQlL_YzIjifMzpMEKbQ,Sopa de pescado#BRY,Pantheon,80,UTILITY,BOTTOM,False,6,10,12,1.8,76,0,2.36,12550,11875,389.5,14,18625,30981,73,21,10,3877,3009,6692,3071,3153,2021,3364
LA1_1703235398,2026-03-20 10:50:04.153,19.52,CLASSIC,MATCHED_GAME,11,420,Ranked Solo/Duo,False,AYgVCm0ylg65XFwFVgE1VSvOjJNTXXYVZzCiL4GTuWbwuTsUD2HmGyQupIOYQlL_YzIjifMzpMEKbQ,Sopa de pescado#BRY,Pantheon,80,TOP,NONE,False,1,5,1,0.4,105,0,5.38,5294,4950,271.2,11,7737,13605,11,4,1,1055,6692,3158,1028,2022,0,3340
LA1_1702541077,2026-03-17 18:51:31.082,25.57,CLASSIC,MATCHED_GAME,11,420,Ranked Solo/Duo,False,AYgVCm0ylg65XFwFVgE1VSvOjJNTXXYVZzCiL4GTuWbwuTsUD2HmGyQupIOYQlL_YzIjifMzpMEKbQ,Sopa de pescado#BRY,Pantheon,80,UTILITY,BOTTOM,False,7,10,3,1.0,84,0,3.29,11075,10725,433.1,13,10946,23462,35,11,1,3877,3009,6672,6692,3153,0,3364
LA1_1702528494,2026-03-17 18:01:32.982,39.52,CLASSIC,MATCHED_GAME,11,420,Ranked Solo/Duo,False,AYgVCm0ylg65XFwFVgE1VSvOjJNTXXYVZzCiL4GTuWbwuTsUD2HmGyQupIOYQlL_YzIjifMzpMEKbQ,Sopa de pescado#BRY,Pantheon,80,UTILITY,BOTTOM,True,6,9,9,1.67,61,4,1.64,12562,11800,317.9,16,20317,33788,111,32,11,3877,6672,6692,3153,3009,2021,3364
LA1_1702309829,2026-03-16 20:29:40.236,28.33,CLASSIC,MATCHED_GAME,11,420,Ranked Solo/Duo,False,AYgVCm0ylg65XFwFVgE1VSvOjJNTXXYVZzCiL4GTuWbwuTsUD2HmGyQupIOYQlL_YzIjifMzpMEKbQ,Sopa de pescado#BRY,Pantheon,80,UTILITY,BOTTOM,False,6,9,3,1.0,62,0,2.19,9455,8975,333.7,13,12204,18999,50,19,1,3877,6672,3009,6692,1043,1053,3364
LA1_1702299335,2026-03-16 19:58:27.124,25.83,CLASSIC,MATCHED_GAME,11,420,Ranked Solo/Duo,False,AYgVCm0ylg65XFwFVgE1VSvOjJNTXXYVZzCiL4GTuWbwuTsUD2HmGyQupIOYQlL_YzIjifMzpMEKbQ,Sopa de pescado#BRY,Pantheon,80,UTILITY,BOTTOM,True,9,1,12,21.0,40,0,1.55,10434,8550,403.9,13,16988,16071,57,20,7,3877,6672,3009,3153,1037,0,3364
LA1_1702295871,2026-03-16 19:52:50.935,1.4,CLASSIC,MATCHED_GAME,11,420,Ranked Solo/Duo,True,AYgVCm0ylg65XFwFVgE1VSvOjJNTXXYVZzCiL4GTuWbwuTsUD2HmGyQupIOYQlL_YzIjifMzpMEKbQ,Sopa de pescado#BRY,TahmKench,223,UTILITY,NONE,True,0,0,0,0.0,0,0,0.0,567,475,405.0,1,57,0,0,0,0,3865,0,0,0,0,0,3340
LA1_1702292987,2026-03-16 19:44:55.648,1.25,CLASSIC,MATCHED_GAME,11,420,Ranked Solo/Duo,True,AYgVCm0ylg65XFwFVgE1VSvOjJNTXXYVZzCiL4GTuWbwuTsUD2HmGyQupIOYQlL_YzIjifMzpMEKbQ,Sopa de pescado#BRY,Pantheon,80,UTILITY,NONE,True,0,0,0,0.0,0,0,0.0,545,475,436.0,1,258,133,0,0,0,3865,0,0,0,0,0,3340
LA1_1702157935,2026-03-16 07:25:11.521,37.52,CLASSIC,MATCHED_GAME,11,420,Ranked Solo/Duo,False,AYgVCm0ylg65XFwFVgE1VSvOjJNTXXYVZzCiL4GTuWbwuTsUD2HmGyQupIOYQlL_YzIjifMzpMEKbQ,Sopa de pescado#BRY,Pantheon,80,UTILITY,BOTTOM,True,8,13,8,1.23,63,0,1.68,12669,11925,337.7,16,23627,37800,77,28,9,3877,6672,3009,3153,6692,1028,3364
LA1_1702057491,2026-03-15 21:53:12.799,35.5,CLASSIC,MATCHED_GAME,11,420,Ranked Solo/Duo,False,AYgVCm0ylg65XFwFVgE1VSvOjJNTXXYVZzCiL4GTuWbwuTsUD2HmGyQupIOYQlL_YzIjifMzpMEKbQ,Sopa de pescado#BRY,Pantheon,80,UTILITY,BOTTOM,False,4,9,9,1.44,71,0,2.0,12144,11725,342.1,15,22560,27922,82,27,6,3877,3009,6672,3153,6692,2021,3364
LA1_1702040672,2026-03-15 21:15:01.553,22.77,CLASSIC,MATCHED_GAME,11,420,Ranked Solo/Duo,False,AYgVCm0ylg65XFwFVgE1VSvOjJNTXXYVZzCiL4GTuWbwuTsUD2HmGyQupIOYQlL_YzIjifMzpMEKbQ,Sopa de pescado#BRY,Pantheon,80,UTILITY,BOTTOM,False,5,5,5,2.0,41,0,1.8,7329,6225,321.9,11,12876,14304,36,12,3,3877,3009,6672,1053,1043,0,3364
LA1_1702025984,2026-03-15 20:38:38.195,31.23,CLASSIC,MATCHED_GAME,11,420,Ranked Solo/Duo,False,AYgVCm0ylg65XFwFVgE1VSvOjJNTXXYVZzCiL4GTuWbwuTsUD2HmGyQupIOYQlL_YzIjifMzpMEKbQ,Sopa de pescado#BRY,Pantheon,80,UTILITY,BOTTOM,True,4,7,18,3.14,50,0,1.6,11679,10655,374.0,14,24093,24923,58,22,4,3877,6672,3009,3153,6692,0,3364
LA1_1701609643,2026-03-14 15:11:32.392,47.32,CLASSIC,MATCHED_GAME,11,420,Ranked Solo/Duo,False,AYgVCm0ylg65XFwFVgE1VSvOjJNTXXYVZzCiL4GTuWbwuTsUD2HmGyQupIOYQlL_YzIjifMzpMEKbQ,Sopa de pescado#BRY,Pantheon,80,UTILITY,BOTTOM,False,17,11,24,3.73,114,0,2.41,21209,19130,448.2,18,60054,68164,73,26,6,6692,3009,3071,3153,6610,6699,3364
LA1_1701598709,2026-03-14 14:26:07.920,39.08,CLASSIC,MATCHED_GAME,11,420,Ranked Solo/Duo,False,AYgVCm0ylg65XFwFVgE1VSvOjJNTXXYVZzCiL4GTuWbwuTsUD2HmGyQupIOYQlL_YzIjifMzpMEKbQ,Sopa de pescado#BRY,Pantheon,80,UTILITY,BOTTOM,True,9,7,19,4.0,124,4,3.28,17086,15510,437.2,18,32162,49438,86,25,9,3877,3009,3071,3153,6610,6699,3364
LA1_1701591101,2026-03-14 13:40:49.556,38.52,CLASSIC,MATCHED_GAME,11,420,Ranked Solo/Duo,False,AYgVCm0ylg65XFwFVgE1VSvOjJNTXXYVZzCiL4GTuWbwuTsUD2HmGyQupIOYQlL_YzIjifMzpMEKbQ,Sopa de pescado#BRY,Lissandra,127,UTILITY,BOTTOM,True,9,15,21,2.0,84,2,2.23,14462,13500,375.4,17,31881,46999,56,17,6,3871,8010,3020,6653,3116,4645,3364
LA1_1701423533,2026-03-13 21:34:25.950,31.18,CLASSIC,MATCHED_GAME,11,420,Ranked Solo/Duo,False,AYgVCm0ylg65XFwFVgE1VSvOjJNTXXYVZzCiL4GTuWbwuTsUD2HmGyQupIOYQlL_YzIjifMzpMEKbQ,Sopa de pescado#BRY,Pantheon,80,UTILITY,BOTTOM,True,3,6,10,2.17,45,0,1.44,9645,7955,309.3,14,14475,24236,78,21,9,3877,3009,3071,6699,1042,0,3364
LA1_1700564809,2026-03-10 19:51:56.817,28.9,CLASSIC,MATCHED_GAME,11,420,Ranked Solo/Duo,False,AYgVCm0ylg65XFwFVgE1VSvOjJNTXXYVZzCiL4GTuWbwuTsUD2HmGyQupIOYQlL_YzIjifMzpMEKbQ,Sopa de pescado#BRY,Pantheon,80,UTILITY,BOTTOM,False,0,7,1,0.14,16,0,0.55,5716,2812,197.8,6,2853,8426,14,5,0,3867,1001,1036,1036,2020,0,3364
LA1_1700496089,2026-03-10 15:43:04.616,32.1,CLASSIC,MATCHED_GAME,11,420,Ranked Solo/Duo,False,AYgVCm0ylg65XFwFVgE1VSvOjJNTXXYVZzCiL4GTuWbwuTsUD2HmGyQupIOYQlL_YzIjifMzpMEKbQ,Sopa de pescado#BRY,Pantheon,80,UTILITY,BOTTOM,True,4,7,13,2.43,66,4,2.18,11602,10750,361.4,14,23857,27393,51,17,3,3877,3009,6672,3071,3153,0,3364
LA1_1699944011,2026-03-08 17:02:25.070,28.67,CLASSIC,MATCHED_GAME,11,420,Ranked Solo/Duo,False,AYgVCm0ylg65XFwFVgE1VSvOjJNTXXYVZzCiL4GTuWbwuTsUD2HmGyQupIOYQlL_YzIjifMzpMEKbQ,Sopa de pescado#BRY,Pantheon,80,UTILITY,BOTTOM,True,8,4,11,4.75,38,4,1.46,11374,10800,396.7,14,16680,23681,82,22,7,3877,3009,3071,6692,3153,0,3364
LA1_1699693860,2026-03-07 21:08:10.657,39.0,CLASSIC,MATCHED_GAME,11,420,Ranked Solo/Duo,False,AYgVCm0ylg65XFwFVgE1VSvOjJNTXXYVZzCiL4GTuWbwuTsUD2HmGyQupIOYQlL_YzIjifMzpMEKbQ,Sopa de pescado#BRY,Pantheon,80,UTILITY,BOTTOM,True,9,8,16,3.12,35,0,0.9,14662,14480,375.9,17,25304,42458,105,32,6,3877,3009,3071,6692,6610,3153,3364
LA1_1699287625,2026-03-06 15:31:04.234,29.4,CLASSIC,MATCHED_GAME,11,420,Ranked Solo/Duo,False,AYgVCm0ylg65XFwFVgE1VSvOjJNTXXYVZzCiL4GTuWbwuTsUD2HmGyQupIOYQlL_YzIjifMzpMEKbQ,Sopa de pescado#BRY,Pantheon,80,UTILITY,BOTTOM,True,12,5,13,5.0,45,0,1.53,12316,10925,418.9,14,24464,28736,43,15,4,3877,3009,3071,6610,3153,0,3364
LA1_1699278866,2026-03-06 14:54:12.911,28.65,CLASSIC,MATCHED_GAME,11,420,Ranked Solo/Duo,False,AYgVCm0ylg65XFwFVgE1VSvOjJNTXXYVZzCiL4GTuWbwuTsUD2HmGyQupIOYQlL_YzIjifMzpMEKbQ,Sopa de pescado#BRY,Leblanc,7,UTILITY,BOTTOM,True,3,2,13,8.0,26,0,0.91,8855,7100,309.1,13,8003,19228,64,19,7,3869,3190,3050,3020,3113,0,3364
LA1_1697867682,2026-03-01 12:06:21.997,23.75,CLASSIC,MATCHED_GAME,11,420,Ranked Solo/Duo,False,AYgVCm0ylg65XFwFVgE1VSvOjJNTXXYVZzCiL4GTuWbwuTsUD2HmGyQupIOYQlL_YzIjifMzpMEKbQ,Sopa de pescado#BRY,Pantheon,80,UTILITY,BOTTOM,False,3,7,5,1.14,31,0,1.31,6545,4975,275.6,10,8568,20068,22,8,1,3877,6610,3009,1028,0,0,3340
LA1_1697858800,2026-03-01 11:23:38.589,36.55,CLASSIC,MATCHED_GAME,11,420,Ranked Solo/Duo,False,AYgVCm0ylg65XFwFVgE1VSvOjJNTXXYVZzCiL4GTuWbwuTsUD2HmGyQupIOYQlL_YzIjifMzpMEKbQ,Sopa de pescado#BRY,Leblanc,7,UTILITY,TOP,False,5,9,13,2.0,53,0,1.45,11869,10705,324.7,16,14402,38753,70,21,9,3869,3143,3050,3020,4646,1058,3364
LA1_1697676989,2026-02-28 19:42:45.736,36.22,CLASSIC,MATCHED_GAME,11,420,Ranked Solo/Duo,False,AYgVCm0ylg65XFwFVgE1VSvOjJNTXXYVZzCiL4GTuWbwuTsUD2HmGyQupIOYQlL_YzIjifMzpMEKbQ,Sopa de pescado#BRY,Leblanc,7,UTILITY,BOTTOM,True,5,6,25,5.0,69,8,2.13,12739,12275,351.7,16,19444,33111,60,18,7,3869,3143,3050,3020,4646,3135,3364
LA1_1697661139,2026-02-28 18:44:28.111,46.48,CLASSIC,MATCHED_GAME,11,420,Ranked Solo/Duo,False,AYgVCm0ylg65XFwFVgE1VSvOjJNTXXYVZzCiL4GTuWbwuTsUD2HmGyQupIOYQlL_YzIjifMzpMEKbQ,Sopa de pescado#BRY,Rell,526,UTILITY,BOTTOM,True,8,6,20,4.67,56,0,1.2,16040,13225,345.1,18,18156,42334,81,21,12,3869,2524,3050,3009,2504,6665,3364
LA1_1697598086,2026-02-28 15:12:06.695,27.72,CLASSIC,MATCHED_GAME,11,420,Ranked Solo/Duo,False,AYgVCm0ylg65XFwFVgE1VSvOjJNTXXYVZzCiL4GTuWbwuTsUD2HmGyQupIOYQlL_YzIjifMzpMEKbQ,Sopa de pescado#BRY,Pantheon,80,UTILITY,BOTTOM,False,3,8,7,1.25,43,4,1.7,9073,7150,327.3,13,11980,26891,43,14,2,3877,3071,3009,3133,2021,1028,3364
LA1_1697590562,2026-02-28 14:46:52.145,15.63,CLASSIC,MATCHED_GAME,11,420,Ranked Solo/Duo,False,AYgVCm0ylg65XFwFVgE1VSvOjJNTXXYVZzCiL4GTuWbwuTsUD2HmGyQupIOYQlL_YzIjifMzpMEKbQ,Sopa de pescado#BRY,Shen,98,UTILITY,NONE,False,1,3,3,1.33,24,0,1.54,4105,3375,262.6,8,4466,9862,22,10,2,3869,3067,3009,1033,1029,1028,3340
LA1_1697580491,2026-02-28 14:10:05.253,29.42,CLASSIC,MATCHED_GAME,11,420,Ranked Solo/Duo,False,AYgVCm0ylg65XFwFVgE1VSvOjJNTXXYVZzCiL4GTuWbwuTsUD2HmGyQupIOYQlL_YzIjifMzpMEKbQ,Sopa de pescado#BRY,Leblanc,7,UTILITY,BOTTOM,False,1,5,6,1.4,61,0,2.07,8543,8005,290.4,12,8626,22737,51,16,3,3869,3143,3050,3158,3145,1052,3364
LA1_1697573283,2026-02-28 13:31:13.794,32.55,CLASSIC,MATCHED_GAME,11,420,Ranked Solo/Duo,False,AYgVCm0ylg65XFwFVgE1VSvOjJNTXXYVZzCiL4GTuWbwuTsUD2HmGyQupIOYQlL_YzIjifMzpMEKbQ,Sopa de pescado#BRY,Leblanc,7,UTILITY,BOTTOM,True,4,4,14,4.5,57,0,1.75,10960,11950,336.7,14,15865,24913,59,20,9,3869,3143,3050,3020,4646,1052,3364
LA1_1695735372,2026-02-22 08:05:47.770,38.77,CLASSIC,MATCHED_GAME,11,420,Ranked Solo/Duo,False,AYgVCm0ylg65XFwFVgE1VSvOjJNTXXYVZzCiL4GTuWbwuTsUD2HmGyQupIOYQlL_YzIjifMzpMEKbQ,Sopa de pescado#BRY,TahmKench,223,UTILITY,BOTTOM,True,6,4,4,2.5,40,0,1.03,11327,10630,292.2,15,16983,43341,85,28,13,3871,3084,3009,2510,3075,0,3364
LA1_1695732861,2026-02-22 07:27:57.157,29.33,CLASSIC,MATCHED_GAME,11,420,Ranked Solo/Duo,False,AYgVCm0ylg65XFwFVgE1VSvOjJNTXXYVZzCiL4GTuWbwuTsUD2HmGyQupIOYQlL_YzIjifMzpMEKbQ,Sopa de pescado#BRY,TahmKench,223,UTILITY,BOTTOM,True,1,3,9,3.33,71,0,2.42,10352,9465,352.9,13,12543,31015,74,17,11,3871,3084,3009,2510,1011,3801,3364
LA1_1695732552,2026-02-22 06:45:35.745,36.48,CLASSIC,MATCHED_GAME,11,420,Ranked Solo/Duo,False,AYgVCm0ylg65XFwFVgE1VSvOjJNTXXYVZzCiL4GTuWbwuTsUD2HmGyQupIOYQlL_YzIjifMzpMEKbQ,Sopa de pescado#BRY,Senna,235,UTILITY,BOTTOM,False,5,8,16,2.62,42,0,1.15,13435,11405,368.3,16,22260,27879,91,20,14,3877,3009,3071,2523,2512,1038,3364
LA1_1695464615,2026-02-21 15:02:21.916,31.65,CLASSIC,MATCHED_GAME,11,420,Ranked Solo/Duo,False,AYgVCm0ylg65XFwFVgE1VSvOjJNTXXYVZzCiL4GTuWbwuTsUD2HmGyQupIOYQlL_YzIjifMzpMEKbQ,Sopa de pescado#BRY,Taric,44,UTILITY,BOTTOM,False,1,8,7,1.0,33,0,1.04,7991,7175,252.5,13,3528,29417,36,13,6,3876,3190,3009,3110,1028,3076,3364
